S,B,latency,memory,energy,is_validation,status,memory_predicted,free_bytes_before,total_bytes,flops_counted,energy_method,energy_iterations,energy_elapsed_s
352,8,0.005638113999992811,81461248,0.36446765249537894,True,OK,107277200.0,15502999552,15636037632,17599853344,nvml_energy_counter,541,3.0008571120000056
352,29,0.01798620850000532,354336768,1.245169696969697,True,OK,377956448.0,15454765056,15636037632,63799468372,nvml_energy_counter,165,3.00705475700002
80,128,0.008162461999987158,90669056,0.554141689373297,True,OK,89802512.0,15454765056,15636037632,14583443968,nvml_energy_counter,367,3.0000096820000124
272,56,0.022241669500004946,431923200,1.4650888888888889,True,OK,435238544.0,15454765056,15636037632,73570106848,nvml_energy_counter,135,3.0145369370000026
384,16,0.012339402999998583,227639296,0.8422222222222222,False,OK,249583632.0,15454765056,15636037632,41889605184,nvml_energy_counter,243,3.0123726079999926
512,256,0.5446825645000075,6169042944,36.82333333333333,False,OK,6984371984.0,15454765056,15636037632,1191464035328,nvml_energy_counter,6,3.379786112000005
32,16,0.000509163999993234,14843904,0.032108073335477647,False,OK,5920784.0,15454765056,15636037632,295888448,nvml_energy_counter,6218,3.00020447899999
32,4,0.0004930875000042079,19095552,0.029350427350427352,False,OK,4601168.0,15454765056,15636037632,73972112,nvml_energy_counter,6084,3.0004261659999827
512,1,0.0013329255000087414,31555584,0.10614317425083242,False,OK,31427744.0,15454765056,15636037632,4654156388,nvml_energy_counter,1802,3.0015425340000093
64,64,0.0014766525000027286,31555584,0.11090324449594438,False,OK,31646480.0,15454765056,15636037632,4673935616,nvml_energy_counter,1726,3.000960331999977
80,2,0.0006275724999937893,23939072,0.04216010770505385,True,OK,5499440.0,15454765056,15636037632,227866312,nvml_energy_counter,4828,3.0003248659999997
352,56,0.042641675499993426,681607168,2.8503714285714286,True,OK,725972624.0,15454765056,15636037632,123198973408,nvml_energy_counter,70,3.0347939940000117
80,1,0.0005474100000100179,23290880,0.03550119375573921,True,OK,4830368.0,15454765056,15636037632,113933156,nvml_energy_counter,5445,3.0000671349999948
400,179,0.27281140050001795,2841688064,17.288166666666665,True,OK,2983342784.0,15454765056,15636037632,508502118124,nvml_energy_counter,12,3.200450655000054
32,1,0.000503427500007092,18763776,0.02921899088997898,False,OK,4271264.0,15454765056,15636037632,18493028,nvml_energy_counter,5708,3.0004409880000367
80,16,0.0007440124999789077,20692992,0.05816221889055472,True,OK,14866448.0,15454765056,15636037632,1822930496,nvml_energy_counter,3335,3.000208526999984
256,32,0.012284027500015782,223518720,0.8164065040650407,False,OK,222376208.0,15454765056,15636037632,37240786048,nvml_energy_counter,246,3.0067494560000227
272,1,0.0005731605000391937,19938304,0.04116631175468484,True,OK,11859104.0,15454765056,15636037632,1313751908,nvml_energy_counter,4696,3.0005030019999595
128,2,0.0005173285000239503,17794048,0.03608496267330252,False,OK,7576112.0,15454765056,15636037632,582358216,nvml_energy_counter,5626,3.0001976479999826
224,16,0.00526713100001075,68321280,0.3256208053691275,False,OK,87709712.0,15454765056,15636037632,14257415744,nvml_energy_counter,596,3.0017266760000325
272,32,0.014128868999989663,234201088,0.9436009389671361,True,OK,250491152.0,15454765056,15636037632,42040061056,nvml_energy_counter,213,3.010106628000017
64,2,0.000521988000031115,23773184,0.035820874471086034,False,OK,5020208.0,15454765056,15636037632,146060488,nvml_energy_counter,5672,3.0001949239999703
352,128,0.13779634400000873,1418821632,9.143863636363635,True,OK,1654015760.0,15454765056,15636037632,281597653504,nvml_energy_counter,22,3.0232122090000075
32,8,0.0005182425000214153,19537920,0.030597963951935914,False,OK,5041040.0,15454765056,15636037632,147944224,nvml_energy_counter,5992,3.0001875209999866
512,2,0.0032536779999929877,49381376,0.20614226375908618,False,OK,58694192.0,15454765056,15636037632,9308312776,nvml_energy_counter,963,3.00294968999998
224,64,0.01926285199999711,335904768,1.2876858974358973,False,OK,338354960.0,15454765056,15636037632,57029662976,nvml_energy_counter,156,3.013750316000028
400,2,0.0017575265000289164,35489792,0.1332711525649567,True,OK,37448240.0,15454765056,15636037632,5681587912,nvml_energy_counter,1501,3.0012262969999597
128,179,0.02611925400000814,321093632,1.7505043478260869,True,OK,309787328.0,15454765056,15636037632,52121060332,nvml_energy_counter,115,3.0230838899999526
512,32,0.04711785050000117,784355328,3.13346875,False,OK,876687632.0,15454765056,15636037632,148933004416,nvml_energy_counter,64,3.0239749879999636
272,8,0.0038306165000108194,53977088,0.23652439024390243,True,OK,65743760.0,15454765056,15636037632,10510015264,nvml_energy_counter,820,3.0025676249999833
272,2,0.0007894084999975348,24354816,0.06595893155258764,True,OK,19556912.0,15454765056,15636037632,2627503816,nvml_energy_counter,2995,3.000498260000029
256,179,0.10509052650002104,1236631552,6.918137931034483,True,OK,1224800960.0,15454765056,15636037632,208315646956,nvml_energy_counter,29,3.0512069540000084
64,1,0.0005713299999854371,23207936,0.03468771012327232,False,OK,4590752.0,15454765056,15636037632,73030244,nvml_energy_counter,5354,3.0001748520000433
256,29,0.011379487499993957,217751552,0.7566264150943396,True,OK,201918560.0,15454765056,15636037632,33749462356,nvml_energy_counter,265,3.0083356349999804
400,56,0.05518075399999134,936075264,3.6435454545454546,True,OK,936195728.0,15454765056,15636037632,159084461536,nvml_energy_counter,55,3.0264818310000123
512,64,0.09656608799997457,1553596416,6.45046875,False,OK,1749213968.0,15454765056,15636037632,297866008832,nvml_energy_counter,32,3.081728339000051
272,128,0.08624158900002499,887660544,5.7410571428571435,True,OK,989480720.0,15454765056,15636037632,168160244224,nvml_energy_counter,35,3.004590652000047
400,32,0.03040758800000276,499458048,2.00713,True,OK,536752400.0,15454765056,15636037632,90905406592,nvml_energy_counter,100,3.028135772999974
64,32,0.0008392535000041335,23035904,0.0671271812080537,False,OK,17903888.0,15454765056,15636037632,2336967808,nvml_energy_counter,2980,3.000385386000005
400,1,0.0007822480000072574,24609792,0.0677813033094507,True,OK,20804768.0,15454765056,15636037632,2840793956,nvml_energy_counter,2931,3.0006621480000035
384,29,0.02499756200001002,421122048,1.6730333333333334,True,OK,448989280.0,15454765056,15636037632,75924909396,nvml_energy_counter,120,3.0052540540000336
224,8,0.00268237099999169,41254912,0.1744718804920914,False,OK,45935504.0,15454765056,15636037632,7128707872,nvml_energy_counter,1138,3.0022795040000005
128,4,0.0005657355000039388,19497984,0.04091371182619389,False,OK,10990928.0,15454765056,15636037632,1164716432,nvml_energy_counter,4879,3.000127164000048
32,64,0.00079114950000303,18186240,0.06067804288734521,False,OK,11199248.0,15454765056,15636037632,1183553792,nvml_energy_counter,3311,3.0003329909999934
352,16,0.011644545500018921,190316544,0.7959325396825396,True,OK,210393104.0,15454765056,15636037632,35199706688,nvml_energy_counter,252,3.0074163249999515
80,8,0.0005535559999714224,18752000,0.03893927125506073,True,OK,9513872.0,15454765056,15636037632,911465248,nvml_energy_counter,5187,3.0001778820000027
384,4,0.0037137964999942596,53837824,0.23215581395348836,False,OK,65516880.0,15454765056,15636037632,10472401296,nvml_energy_counter,860,3.00275489400002
384,56,0.048647419499985745,815988736,3.2326774193548387,True,OK,863139472.0,15454765056,15636037632,146613618144,nvml_energy_counter,62,3.0096342330000425
224,4,0.0011895110000068598,28409856,0.0915545871559633,False,OK,25048400.0,15454765056,15636037632,3564353936,nvml_energy_counter,2180,3.000237320999986
64,128,0.005318277999975862,76644352,0.3397042253521127,False,OK,59131664.0,15454765056,15636037632,9347871232,nvml_energy_counter,568,3.004351487000008
352,4,0.003330603999984305,47431680,0.21208547008547007,True,OK,55719248.0,15454765056,15636037632,8799926672,nvml_energy_counter,936,3.0026176679999708
256,64,0.02442548650000731,431923200,1.6335040650406503,False,OK,440591120.0,15454765056,15636037632,74481572096,nvml_energy_counter,123,3.003789984999969
272,179,0.12125088499999492,1290973184,8.03032,True,OK,1382068928.0,15454765056,15636037632,235161591532,nvml_energy_counter,25,3.030612367999993
224,256,0.12159080500001096,1292992512,8.026,False,OK,1340935952.0,15454765056,15636037632,228118651904,nvml_energy_counter,25,3.0353674419999948
128,128,0.017956381499999452,223518720,1.205011976047904,False,OK,222709520.0,15454765056,15636037632,37270925824,nvml_energy_counter,167,3.007979791000025
256,256,0.145910922000013,1683062784,9.556857142857142,False,OK,1749880592.0,15454765056,15636037632,297926288384,nvml_energy_counter,21,3.07321132200002
384,64,0.05436739600000351,857407488,3.6392,False,OK,985850640.0,15454765056,15636037632,167558420736,nvml_energy_counter,55,3.02547514500003
400,64,0.06067625350002004,983007232,4.01218,True,OK,1069343504.0,15454765056,15636037632,181810813184,nvml_energy_counter,50,3.045816639999998
32,56,0.0007568399999797748,17629184,0.05394695321001088,True,OK,10319504.0,15454765056,15636037632,1035609568,nvml_energy_counter,3676,3.0000397889999704
384,1,0.000746310000010908,24346624,0.067351150202977,False,OK,19500192.0,15454765056,15636037632,2618100324,nvml_energy_counter,2956,3.000649519000035
32,29,0.0006297705000406495,15749120,0.04325223880597015,True,OK,7350368.0,15454765056,15636037632,536297812,nvml_energy_counter,4690,3.0004242960000056
80,4,0.0005898635000107788,25235456,0.03954290894439968,True,OK,6837584.0,15454765056,15636037632,455732624,nvml_energy_counter,4964,3.0004688150000334
512,128,0.2872768000000008,3092348928,18.83590909090909,False,OK,3494266640.0,15454765056,15636037632,595732017664,nvml_energy_counter,11,3.145702297000014
352,179,0.2006135215000029,2060992512,13.392533333333335,True,OK,2311379648.0,15454765056,15636037632,393796718572,nvml_energy_counter,15,3.0076423710000313
400,256,0.37162245400000415,3883048960,25.23122222222222,True,OK,4264890128.0,15454765056,15636037632,727243252736,nvml_energy_counter,9,3.360271227999988
512,56,0.084793591499988,1478098944,5.748277777777777,True,OK,1531082384.0,15454765056,15636037632,260632757728,nvml_energy_counter,36,3.0594902149999825
32,179,0.0033500399999866204,76935680,0.2206467331118494,True,OK,23845568.0,15454765056,15636037632,3310252012,nvml_energy_counter,903,3.00010294599997
400,128,0.18643468750002512,1948557312,12.555411764705882,True,OK,2134525712.0,15454765056,15636037632,363621626368,nvml_energy_counter,17,3.163950247999992
80,29,0.0012233274999857713,26441728,0.09014253393665159,True,OK,23564384.0,15454765056,15636037632,3304061524,nvml_energy_counter,2210,3.000301481000065
256,8,0.003486578500030646,49381376,0.21160441988950277,False,OK,58715024.0,15454765056,15636037632,9310196512,nvml_energy_counter,905,3.000893806000022
224,56,0.01878594150008439,320995328,1.2379876543209876,True,OK,296580752.0,15454765056,15636037632,49900955104,nvml_energy_counter,162,3.0097916490000216
352,32,0.023516881499972442,366837760,1.5178359375,True,OK,416624912.0,15454765056,15636037632,70399413376,nvml_energy_counter,128,3.0112552980000373
128,32,0.0033741534999762735,49381376,0.21701423877327491,False,OK,58798352.0,15454765056,15636037632,9317731456,nvml_energy_counter,913,3.0003143319999026
64,29,0.0008136719999924935,21807104,0.06329895931882687,True,OK,16615520.0,15454765056,15636037632,2117877076,nvml_energy_counter,3171,3.0002671030000556
128,8,0.0008593485000005785,23035904,0.06748357791754019,False,OK,17820560.0,15454765056,15636037632,2329432864,nvml_energy_counter,2862,3.000320110999951
512,16,0.023463588500021615,399734784,1.5650546875,False,OK,440424464.0,15454765056,15636037632,74466502208,nvml_energy_counter,128,3.0088282770000205
224,29,0.009317102500006058,170196992,0.6240310559006211,True,OK,155592800.0,15454765056,15636037632,25841566036,nvml_energy_counter,322,3.0038846900000635
272,16,0.006976607000012791,124182528,0.46822843822843824,True,OK,127326224.0,15454765056,15636037632,21020030528,nvml_energy_counter,429,3.004286329000024
352,256,0.2792210119999936,2819719168,18.285999999999998,True,OK,3303870224.0,15454765056,15636037632,563195307008,nvml_energy_counter,11,3.0701288929999464
128,16,0.0015635114999668076,31555584,0.11265653153153153,False,OK,31479824.0,15454765056,15636037632,4658865728,nvml_energy_counter,1776,3.000352176999968
272,64,0.028386110499980077,451387392,1.8937830188679246,True,OK,496821008.0,15454765056,15636037632,84080122112,nvml_energy_counter,106,3.016107809999994
256,128,0.0719618685000114,848732160,4.7838095238095235,False,OK,877020944.0,15454765056,15636037632,148963144192,nvml_energy_counter,42,3.0214590090000684
384,128,0.16196486999996296,1699840000,10.942105263157895,False,OK,1967539984.0,15454765056,15636037632,335116841472,nvml_energy_counter,19,3.072917254999993
32,2,0.0005219569999894702,18874368,0.029032279757901815,False,OK,4381232.0,15454765056,15636037632,36986056,nvml_energy_counter,5948,3.00007293200008
352,2,0.0012957634999679613,30580736,0.10861880630630631,True,OK,29940272.0,15454765056,15636037632,4399963336,nvml_energy_counter,1776,3.0007598869999583
352,64,0.04742464499997823,717586432,3.12628125,True,OK,829088528.0,15454765056,15636037632,140798826752,nvml_energy_counter,64,3.0074028550000094
384,179,0.2353127865000033,2474541056,15.409384615384615,True,OK,2749823680.0,15454765056,15636037632,468639957996,nvml_energy_counter,13,3.0552932870000404
512,8,0.012489407000032315,156336128,0.8418277310924369,False,OK,222292880.0,15454765056,15636037632,37233251104,nvml_energy_counter,238,3.0039302820000557
64,4,0.0005336539999802881,24903680,0.035177686686865085,False,OK,5879120.0,15454765056,15636037632,292120976,nvml_energy_counter,5611,3.000437388000023
352,1,0.0007072699999639553,22978560,0.05900118378218408,True,OK,17050784.0,15454765056,15636037632,2199981668,nvml_energy_counter,3379,3.0003308009999046
272,256,0.17520697349999637,1761968128,11.512722222222223,True,OK,1974800144.0,15454765056,15636037632,336320488448,nvml_energy_counter,18,3.13442386600002
128,56,0.005622244500045781,76382208,0.3731263940520446,True,OK,99776144.0,15454765056,15636037632,16306030048,nvml_energy_counter,538,3.002588007999975
400,16,0.015322304499989059,259096576,1.0174111675126905,True,OK,270456848.0,15454765056,15636037632,45452703296,nvml_energy_counter,197,3.014561540999921
80,64,0.002829046999977436,41648128,0.18073818181818183,True,OK,46981904.0,15454765056,15636037632,7291721984,nvml_energy_counter,1100,3.002051023999911
256,2,0.0007056849999571568,23035904,0.05999819494584838,False,OK,17799728.0,15454765056,15636037632,2327549128,nvml_energy_counter,3324,3.0008164179999994
224,128,0.05795260350004128,655458304,3.8675,False,OK,672548624.0,15454765056,15636037632,114059325952,nvml_energy_counter,52,3.0162904779999735
384,2,0.0017282604999877549,33783808,0.12487202007528231,False,OK,34839088.0,15454765056,15636037632,5236200648,nvml_energy_counter,1594,3.001566528000012
64,256,0.010207164999997076,138272768,0.684734693877551,False,OK,114102032.0,15454765056,15636037632,18695742464,nvml_energy_counter,294,3.007949937000035
128,1,0.0006664349999709884,24068096,0.04250171526586621,False,OK,5868704.0,15454765056,15636037632,291179108,nvml_energy_counter,4664,3.0004159589999517
384,256,0.32810671250001633,3384287232,22.074,False,OK,3930918672.0,15454765056,15636037632,670233682944,nvml_energy_counter,10,3.2784614140000485
64,8,0.0005261164999978973,17793536,0.03476272679231989,False,OK,7596944.0,15454765056,15636037632,584241952,nvml_energy_counter,5677,3.000033019000057
224,1,0.0005980559999443358,18699776,0.03959336994899961,False,OK,9383072.0,15454765056,15636037632,891088484,nvml_energy_counter,5098,3.000474617000009
256,1,0.0005628504999890538,19499008,0.03977112746072778,False,OK,10980512.0,15454765056,15636037632,1163774564,nvml_energy_counter,5029,3.000019007999981
32,128,0.0023245080000151574,59342848,0.15852969121140142,False,OK,18237200.0,15454765056,15636037632,2367107584,nvml_energy_counter,1263,3.001875201999951
256,4,0.001419951000002584,31555584,0.11097048997772828,False,OK,31438160.0,15454765056,15636037632,4655098256,nvml_energy_counter,1796,3.000042350000058
80,56,0.0025282404999984465,38100992,0.15903980099502488,True,OK,41629328.0,15454765056,15636037632,6380256736,nvml_energy_counter,1206,3.0015876989999697
400,8,0.008038456999997834,102244352,0.534888,True,OK,137309072.0,15454765056,15636037632,22726351648,nvml_energy_counter,375,3.003774249000003
64,16,0.0005536339999707707,19497472,0.040703875656035525,False,OK,11032592.0,15454765056,15636037632,1168483904,nvml_energy_counter,4954,3.00039463600001
128,64,0.006175445500048227,119316480,0.40274481327800826,False,OK,113435408.0,15454765056,15636037632,18635462912,nvml_energy_counter,482,3.0049586780000936
384,8,0.007189890500058027,93945856,0.4798062200956938,False,OK,126872464.0,15454765056,15636037632,20944802592,nvml_energy_counter,418,3.000324350000028
512,4,0.006445911000014348,85032960,0.4138536082474227,False,OK,113227088.0,15454765056,15636037632,18616625552,nvml_energy_counter,485,3.001087706000021
256,56,0.021819456999935483,413048832,1.4549347826086958,True,OK,386037392.0,15454765056,15636037632,65171375584,nvml_energy_counter,138,3.012826943999926
80,179,0.012977037500036204,168496128,0.8643905579399142,True,OK,123925184.0,15454765056,15636037632,20394034924,nvml_energy_counter,233,3.003710991999924
80,32,0.0011808565000137605,28540928,0.091495486935867,True,OK,25571600.0,15454765056,15636037632,3645860992,nvml_energy_counter,2105,3.000573718999931
224,179,0.08538289099999474,950431744,5.790638888888889,True,OK,938859200.0,15454765056,15636037632,159504838636,nvml_energy_counter,36,3.07073226600005
272,4,0.0017363955000178066,33853440,0.12323741454319452,True,OK,34952528.0,15454765056,15636037632,5255007632,nvml_energy_counter,1609,3.0002852799999573
80,256,0.017952907999983836,223707136,1.2047125748502994,True,OK,175443728.0,15454765056,15636037632,29166887936,nvml_energy_counter,167,3.01795955700004
272,29,0.013092314999994414,225260544,0.8446608695652174,True,OK,227397728.0,15454765056,15636037632,38098805332,nvml_energy_counter,230,3.0017642509999405
224,32,0.009968559500066476,174673920,0.6765925925925926,False,OK,171258128.0,15454765056,15636037632,28514831488,nvml_energy_counter,297,3.0001036080000176
224,2,0.0006457045000161088,21308928,0.05155196366550895,False,OK,14604848.0,15454765056,15636037632,1782176968,nvml_energy_counter,3743,3.000601421000056
32,32,0.000618511999959992,15958016,0.04346791156900622,False,OK,7680272.0,15454765056,15636037632,591776896,nvml_energy_counter,4659,3.0003400609999744
384,32,0.027321373000006588,436260864,1.8068378378378378,False,OK,495005968.0,15454765056,15636037632,83779210368,nvml_energy_counter,111,3.0230919690000064
512,179,0.41105519050000794,4508925952,27.586375,True,OK,4884855488.0,15454765056,15636037632,833093993452,nvml_energy_counter,8,3.2823579770000606
32,256,0.004695871499961868,103669760,0.29511703703703707,False,OK,32313104.0,15454765056,15636037632,4734215168,nvml_energy_counter,675,3.002909405999958
512,29,0.04340018650003685,757092352,2.9048695652173913,True,OK,794888288.0,15454765056,15636037632,134970535252,nvml_energy_counter,69,3.0128464209999493
128,29,0.0030586190000008173,46039040,0.19595436507936506,True,OK,53676128.0,15454765056,15636037632,8444194132,nvml_energy_counter,1008,3.0022400500000685
400,4,0.003907562999984293,58318848,0.2550089171974522,True,OK,70735184.0,15454765056,15636037632,11363175824,nvml_energy_counter,785,3.002542544999983
64,179,0.00761759599998868,100938240,0.508293670886076,True,OK,81033920.0,15454765056,15636037632,13072413676,nvml_energy_counter,395,3.004433816999949
64,56,0.001323856999988493,29327360,0.09702474747474749,True,OK,28210832.0,15454765056,15636037632,4089693664,nvml_energy_counter,1980,3.00065233600003
256,16,0.006316760500055807,119316480,0.40994285714285716,False,OK,113268752.0,15454765056,15636037632,18620393024,nvml_energy_counter,490,3.0053079869999237
128,256,0.03740757849999454,431923200,2.4780246913580246,False,OK,441257744.0,15454765056,15636037632,74541851648,nvml_energy_counter,81,3.028513814000007
400,29,0.028131574000042292,482766848,1.8754766355140187,True,OK,486821984.0,15454765056,15636037632,82383024724,nvml_energy_counter,107,3.0036441519999926
